id;name;username;password;ssh_key
1;payment Investment Account;auxiliary Chicken;Taka copying;Turkish Lira mint green Accounts
2;Gloves Rustic Cotton Pants multimedia;Books Borders granular;Corporate Pakistan Rupee;enhance web-enabled
3;function;Knoll parse Palestinian Territory;hard drive collaborative;architectures interactive bluetooth
4;Representative Applications Kuwaiti Dinar;synthesizing Stravenue;Buckinghamshire analyzer primary;Tuna
5;Practical e-commerce;analyzer Florida Inverse;magnetic Chicken South Dakota;Manager Chair
6;Handcrafted Cotton Pants Operations Corporate;convergence North Dakota;Programmable;Assurance parse
7;transmit;world-class Gloves responsive;Mexico Checking Account challenge;Fresh Small Fresh Car
8;Metal;alarm;Fiji Dollar;Gabon copying
9;Clothing;New York Identity;Configurable intuitive;Ports capacitor
10;grid-enabled Director Metal;Handmade Concrete Soap;Awesome bandwidth Checking Account;concept Awesome Concrete Bike
